{"cameraMode":{"drawMode":0,"name":"Shaded","section":"Shading Mode"},"sceneLighting":true,"audioPlay":false,"sceneViewState":{"showFog":true,"showMaterialUpdate":false,"showSkybox":true,"showFlares":true,"showImageEffects":true,"showParticleSystems":true},"in2DMode":false,"pivot":{"x":-3.082918643951416,"y":10.130101203918457,"z":7.188170433044434},"rotation":{"x":-0.24235406517982484,"y":-0.22766026854515077,"z":0.05861698091030121,"w":-0.9412776231765747},"size":27.231182098388673,"orthographic":true}