{"cameraMode":{"drawMode":0,"name":"Shaded","section":"Shading Mode"},"sceneLighting":true,"audioPlay":false,"sceneViewState":{"showFog":true,"showMaterialUpdate":false,"showSkybox":true,"showFlares":true,"showImageEffects":true,"showParticleSystems":true},"in2DMode":false,"pivot":{"x":0.002074355026707053,"y":-0.002051068004220724,"z":0.6206347346305847},"rotation":{"x":-0.2098727822303772,"y":-0.519980251789093,"z":0.13354870676994325,"w":-0.8171544671058655},"size":2.126586675643921,"orthographic":true}