{"cameraMode":{"drawMode":0,"name":"Shaded","section":"Shading Mode"},"sceneLighting":true,"audioPlay":false,"sceneViewState":{"showFog":true,"showMaterialUpdate":false,"showSkybox":true,"showFlares":true,"showImageEffects":true,"showParticleSystems":true},"in2DMode":false,"pivot":{"x":1.862645149230957e-9,"y":0.07999999821186066,"z":-2.7939677238464357e-9},"rotation":{"x":-0.11145702004432678,"y":-0.6812939047813416,"z":0.10610570013523102,"w":-0.7156547904014587},"size":0.17923589050769807,"orthographic":true}