{"cameraMode":{"drawMode":0,"name":"Shaded","section":"Shading Mode"},"sceneLighting":true,"audioPlay":false,"sceneViewState":{"showFog":true,"showMaterialUpdate":false,"showSkybox":true,"showFlares":true,"showImageEffects":true,"showParticleSystems":true},"in2DMode":false,"pivot":{"x":0.009823083877563477,"y":108.0943832397461,"z":14.030294418334961},"rotation":{"x":-0.11145702004432678,"y":-0.6812939047813416,"z":0.10610570013523102,"w":-0.7156547904014587},"size":275.7983093261719,"orthographic":true}

