{"cameraMode":{"drawMode":0,"name":"Shaded","section":"Shading Mode"},"sceneLighting":true,"audioPlay":false,"sceneViewState":{"showFog":true,"showMaterialUpdate":false,"showSkybox":true,"showFlares":true,"showImageEffects":true,"showParticleSystems":true},"in2DMode":false,"pivot":{"x":238.50450134277345,"y":62.96240234375,"z":43.1613883972168},"rotation":{"x":-0.3465746343135834,"y":-0.0199827142059803,"z":0.0073856632225215439,"w":-0.9377825260162354},"size":420.5329284667969,"orthographic":true}