{"cameraMode":{"drawMode":0,"name":"Shaded","section":"Shading Mode"},"sceneLighting":true,"audioPlay":false,"sceneViewState":{"showFog":true,"showMaterialUpdate":false,"showSkybox":true,"showFlares":true,"showImageEffects":true,"showParticleSystems":true},"in2DMode":false,"pivot":{"x":238.50450134277345,"y":62.96240234375,"z":43.1613883972168},"rotation":{"x":-0.09900497645139694,"y":0.7660198211669922,"z":-0.12165500968694687,"w":-0.6233896613121033},"size":62.296077728271487,"orthographic":true}